[
  {
    "image": "logo_sheet_0.png",
    "data": {
      "frames": {
        "Z logo_RENDER_ALPHA_REVERSE_v04_00074.png": {
          "filename": "Z logo_RENDER_ALPHA_REVERSE_v04_00074.png",
          "frame": {
            "x": 0,
            "y": 311,
            "w": 306,
            "h": 286
          },
          "rotated": false,
          "trimmed": true,
          "spriteSourceSize": {
            "x": 97,
            "y": 106,
            "w": 306,
            "h": 286
          },
          "sourceSize": {
            "w": 500,
            "h": 500
          },
          "pivot": {
            "x": 0.5,
            "y": 0.5
          }
        },
        "Z logo_RENDER_ALPHA_REVERSE_v04_00073.png": {
          "filename": "Z logo_RENDER_ALPHA_REVERSE_v04_00073.png",
          "frame": {
            "x": 306,
            "y": 311,
            "w": 306,
            "h": 286
          },
          "rotated": false,
          "trimmed": true,
          "spriteSourceSize": {
            "x": 97,
            "y": 106,
            "w": 306,
            "h": 286
          },
          "sourceSize": {
            "w": 500,
            "h": 500
          },
          "pivot": {
            "x": 0.5,
            "y": 0.5
          }
        },
        "Z logo_RENDER_ALPHA_REVERSE_v04_00076.png": {
          "filename": "Z logo_RENDER_ALPHA_REVERSE_v04_00076.png",
          "frame": {
            "x": 623,
            "y": 0,
            "w": 306,
            "h": 286
          },
          "rotated": false,
          "trimmed": true,
          "spriteSourceSize": {
            "x": 97,
            "y": 106,
            "w": 306,
            "h": 286
          },
          "sourceSize": {
            "w": 500,
            "h": 500
          },
          "pivot": {
            "x": 0.5,
            "y": 0.5
          }
        },
        "Z logo_RENDER_ALPHA_REVERSE_v04_00078.png": {
          "filename": "Z logo_RENDER_ALPHA_REVERSE_v04_00078.png",
          "frame": {
            "x": 317,
            "y": 0,
            "w": 306,
            "h": 287
          },
          "rotated": false,
          "trimmed": true,
          "spriteSourceSize": {
            "x": 97,
            "y": 105,
            "w": 306,
            "h": 287
          },
          "sourceSize": {
            "w": 500,
            "h": 500
          },
          "pivot": {
            "x": 0.5,
            "y": 0.5
          }
        },
        "Z logo_RENDER_ALPHA_REVERSE_v04_00077.png": {
          "filename": "Z logo_RENDER_ALPHA_REVERSE_v04_00077.png",
          "frame": {
            "x": 623,
            "y": 286,
            "w": 306,
            "h": 286
          },
          "rotated": false,
          "trimmed": true,
          "spriteSourceSize": {
            "x": 97,
            "y": 106,
            "w": 306,
            "h": 286
          },
          "sourceSize": {
            "w": 500,
            "h": 500
          },
          "pivot": {
            "x": 0.5,
            "y": 0.5
          }
        },
        "Z logo_RENDER_ALPHA_REVERSE_v04_00083.png": {
          "filename": "Z logo_RENDER_ALPHA_REVERSE_v04_00083.png",
          "frame": {
            "x": 0,
            "y": 0,
            "w": 317,
            "h": 311
          },
          "rotated": false,
          "trimmed": true,
          "spriteSourceSize": {
            "x": 86,
            "y": 90,
            "w": 317,
            "h": 311
          },
          "sourceSize": {
            "w": 500,
            "h": 500
          },
          "pivot": {
            "x": 0.5,
            "y": 0.5
          }
        }
      },
      "meta": {
        "format": "RGBA8888",
        "size": {
          "w": 929,
          "h": 597
        },
        "scale": "1"
      }
    }
  },
  {
    "image": "logo_sheet_1.png",
    "data": {
      "frames": {
        "Z logo_RENDER_ALPHA_REVERSE_v04_00040.png": {
          "filename": "Z logo_RENDER_ALPHA_REVERSE_v04_00040.png",
          "frame": {
            "x": 624,
            "y": 0,
            "w": 314,
            "h": 282
          },
          "rotated": false,
          "trimmed": true,
          "spriteSourceSize": {
            "x": 93,
            "y": 106,
            "w": 314,
            "h": 282
          },
          "sourceSize": {
            "w": 500,
            "h": 500
          },
          "pivot": {
            "x": 0.5,
            "y": 0.5
          }
        },
        "Z logo_RENDER_ALPHA_REVERSE_v04_00044.png": {
          "filename": "Z logo_RENDER_ALPHA_REVERSE_v04_00044.png",
          "frame": {
            "x": 0,
            "y": 606,
            "w": 307,
            "h": 286
          },
          "rotated": false,
          "trimmed": true,
          "spriteSourceSize": {
            "x": 96,
            "y": 106,
            "w": 307,
            "h": 286
          },
          "sourceSize": {
            "w": 500,
            "h": 500
          },
          "pivot": {
            "x": 0.5,
            "y": 0.5
          }
        },
        "Z logo_RENDER_ALPHA_REVERSE_v04_00045.png": {
          "filename": "Z logo_RENDER_ALPHA_REVERSE_v04_00045.png",
          "frame": {
            "x": 624,
            "y": 282,
            "w": 307,
            "h": 286
          },
          "rotated": false,
          "trimmed": true,
          "spriteSourceSize": {
            "x": 96,
            "y": 106,
            "w": 307,
            "h": 286
          },
          "sourceSize": {
            "w": 500,
            "h": 500
          },
          "pivot": {
            "x": 0.5,
            "y": 0.5
          }
        },
        "Z logo_RENDER_ALPHA_REVERSE_v04_00047.png": {
          "filename": "Z logo_RENDER_ALPHA_REVERSE_v04_00047.png",
          "frame": {
            "x": 306,
            "y": 1464,
            "w": 306,
            "h": 286
          },
          "rotated": false,
          "trimmed": true,
          "spriteSourceSize": {
            "x": 97,
            "y": 106,
            "w": 306,
            "h": 286
          },
          "sourceSize": {
            "w": 500,
            "h": 500
          },
          "pivot": {
            "x": 0.5,
            "y": 0.5
          }
        },
        "Z logo_RENDER_ALPHA_REVERSE_v04_00046.png": {
          "filename": "Z logo_RENDER_ALPHA_REVERSE_v04_00046.png",
          "frame": {
            "x": 612,
            "y": 1464,
            "w": 306,
            "h": 286
          },
          "rotated": false,
          "trimmed": true,
          "spriteSourceSize": {
            "x": 97,
            "y": 106,
            "w": 306,
            "h": 286
          },
          "sourceSize": {
            "w": 500,
            "h": 500
          },
          "pivot": {
            "x": 0.5,
            "y": 0.5
          }
        },
        "Z logo_RENDER_ALPHA_REVERSE_v04_00048.png": {
          "filename": "Z logo_RENDER_ALPHA_REVERSE_v04_00048.png",
          "frame": {
            "x": 918,
            "y": 1464,
            "w": 306,
            "h": 286
          },
          "rotated": false,
          "trimmed": true,
          "spriteSourceSize": {
            "x": 97,
            "y": 106,
            "w": 306,
            "h": 286
          },
          "sourceSize": {
            "w": 500,
            "h": 500
          },
          "pivot": {
            "x": 0.5,
            "y": 0.5
          }
        },
        "Z logo_RENDER_ALPHA_REVERSE_v04_00049.png": {
          "filename": "Z logo_RENDER_ALPHA_REVERSE_v04_00049.png",
          "frame": {
            "x": 1224,
            "y": 1464,
            "w": 306,
            "h": 286
          },
          "rotated": false,
          "trimmed": true,
          "spriteSourceSize": {
            "x": 97,
            "y": 106,
            "w": 306,
            "h": 286
          },
          "sourceSize": {
            "w": 500,
            "h": 500
          },
          "pivot": {
            "x": 0.5,
            "y": 0.5
          }
        },
        "Z logo_RENDER_ALPHA_REVERSE_v04_00050.png": {
          "filename": "Z logo_RENDER_ALPHA_REVERSE_v04_00050.png",
          "frame": {
            "x": 307,
            "y": 606,
            "w": 306,
            "h": 286
          },
          "rotated": false,
          "trimmed": true,
          "spriteSourceSize": {
            "x": 97,
            "y": 106,
            "w": 306,
            "h": 286
          },
          "sourceSize": {
            "w": 500,
            "h": 500
          },
          "pivot": {
            "x": 0.5,
            "y": 0.5
          }
        },
        "Z logo_RENDER_ALPHA_REVERSE_v04_00053.png": {
          "filename": "Z logo_RENDER_ALPHA_REVERSE_v04_00053.png",
          "frame": {
            "x": 613,
            "y": 606,
            "w": 306,
            "h": 286
          },
          "rotated": false,
          "trimmed": true,
          "spriteSourceSize": {
            "x": 97,
            "y": 106,
            "w": 306,
            "h": 286
          },
          "sourceSize": {
            "w": 500,
            "h": 500
          },
          "pivot": {
            "x": 0.5,
            "y": 0.5
          }
        },
        "Z logo_RENDER_ALPHA_REVERSE_v04_00052.png": {
          "filename": "Z logo_RENDER_ALPHA_REVERSE_v04_00052.png",
          "frame": {
            "x": 938,
            "y": 0,
            "w": 306,
            "h": 286
          },
          "rotated": false,
          "trimmed": true,
          "spriteSourceSize": {
            "x": 97,
            "y": 106,
            "w": 306,
            "h": 286
          },
          "sourceSize": {
            "w": 500,
            "h": 500
          },
          "pivot": {
            "x": 0.5,
            "y": 0.5
          }
        },
        "Z logo_RENDER_ALPHA_REVERSE_v04_00051.png": {
          "filename": "Z logo_RENDER_ALPHA_REVERSE_v04_00051.png",
          "frame": {
            "x": 938,
            "y": 286,
            "w": 306,
            "h": 286
          },
          "rotated": false,
          "trimmed": true,
          "spriteSourceSize": {
            "x": 97,
            "y": 106,
            "w": 306,
            "h": 286
          },
          "sourceSize": {
            "w": 500,
            "h": 500
          },
          "pivot": {
            "x": 0.5,
            "y": 0.5
          }
        },
        "Z logo_RENDER_ALPHA_REVERSE_v04_00055.png": {
          "filename": "Z logo_RENDER_ALPHA_REVERSE_v04_00055.png",
          "frame": {
            "x": 938,
            "y": 572,
            "w": 306,
            "h": 286
          },
          "rotated": false,
          "trimmed": true,
          "spriteSourceSize": {
            "x": 97,
            "y": 106,
            "w": 306,
            "h": 286
          },
          "sourceSize": {
            "w": 500,
            "h": 500
          },
          "pivot": {
            "x": 0.5,
            "y": 0.5
          }
        },
        "Z logo_RENDER_ALPHA_REVERSE_v04_00054.png": {
          "filename": "Z logo_RENDER_ALPHA_REVERSE_v04_00054.png",
          "frame": {
            "x": 0,
            "y": 892,
            "w": 306,
            "h": 286
          },
          "rotated": false,
          "trimmed": true,
          "spriteSourceSize": {
            "x": 97,
            "y": 106,
            "w": 306,
            "h": 286
          },
          "sourceSize": {
            "w": 500,
            "h": 500
          },
          "pivot": {
            "x": 0.5,
            "y": 0.5
          }
        },
        "Z logo_RENDER_ALPHA_REVERSE_v04_00057.png": {
          "filename": "Z logo_RENDER_ALPHA_REVERSE_v04_00057.png",
          "frame": {
            "x": 306,
            "y": 892,
            "w": 306,
            "h": 286
          },
          "rotated": false,
          "trimmed": true,
          "spriteSourceSize": {
            "x": 97,
            "y": 106,
            "w": 306,
            "h": 286
          },
          "sourceSize": {
            "w": 500,
            "h": 500
          },
          "pivot": {
            "x": 0.5,
            "y": 0.5
          }
        },
        "Z logo_RENDER_ALPHA_REVERSE_v04_00056.png": {
          "filename": "Z logo_RENDER_ALPHA_REVERSE_v04_00056.png",
          "frame": {
            "x": 612,
            "y": 892,
            "w": 306,
            "h": 286
          },
          "rotated": false,
          "trimmed": true,
          "spriteSourceSize": {
            "x": 97,
            "y": 106,
            "w": 306,
            "h": 286
          },
          "sourceSize": {
            "w": 500,
            "h": 500
          },
          "pivot": {
            "x": 0.5,
            "y": 0.5
          }
        },
        "Z logo_RENDER_ALPHA_REVERSE_v04_00059.png": {
          "filename": "Z logo_RENDER_ALPHA_REVERSE_v04_00059.png",
          "frame": {
            "x": 918,
            "y": 892,
            "w": 306,
            "h": 286
          },
          "rotated": false,
          "trimmed": true,
          "spriteSourceSize": {
            "x": 97,
            "y": 106,
            "w": 306,
            "h": 286
          },
          "sourceSize": {
            "w": 500,
            "h": 500
          },
          "pivot": {
            "x": 0.5,
            "y": 0.5
          }
        },
        "Z logo_RENDER_ALPHA_REVERSE_v04_00058.png": {
          "filename": "Z logo_RENDER_ALPHA_REVERSE_v04_00058.png",
          "frame": {
            "x": 1244,
            "y": 0,
            "w": 306,
            "h": 286
          },
          "rotated": false,
          "trimmed": true,
          "spriteSourceSize": {
            "x": 97,
            "y": 106,
            "w": 306,
            "h": 286
          },
          "sourceSize": {
            "w": 500,
            "h": 500
          },
          "pivot": {
            "x": 0.5,
            "y": 0.5
          }
        },
        "Z logo_RENDER_ALPHA_REVERSE_v04_00060.png": {
          "filename": "Z logo_RENDER_ALPHA_REVERSE_v04_00060.png",
          "frame": {
            "x": 1244,
            "y": 286,
            "w": 306,
            "h": 286
          },
          "rotated": false,
          "trimmed": true,
          "spriteSourceSize": {
            "x": 97,
            "y": 106,
            "w": 306,
            "h": 286
          },
          "sourceSize": {
            "w": 500,
            "h": 500
          },
          "pivot": {
            "x": 0.5,
            "y": 0.5
          }
        },
        "Z logo_RENDER_ALPHA_REVERSE_v04_00062.png": {
          "filename": "Z logo_RENDER_ALPHA_REVERSE_v04_00062.png",
          "frame": {
            "x": 1244,
            "y": 572,
            "w": 306,
            "h": 286
          },
          "rotated": false,
          "trimmed": true,
          "spriteSourceSize": {
            "x": 97,
            "y": 106,
            "w": 306,
            "h": 286
          },
          "sourceSize": {
            "w": 500,
            "h": 500
          },
          "pivot": {
            "x": 0.5,
            "y": 0.5
          }
        },
        "Z logo_RENDER_ALPHA_REVERSE_v04_00063.png": {
          "filename": "Z logo_RENDER_ALPHA_REVERSE_v04_00063.png",
          "frame": {
            "x": 1244,
            "y": 858,
            "w": 306,
            "h": 286
          },
          "rotated": false,
          "trimmed": true,
          "spriteSourceSize": {
            "x": 97,
            "y": 106,
            "w": 306,
            "h": 286
          },
          "sourceSize": {
            "w": 500,
            "h": 500
          },
          "pivot": {
            "x": 0.5,
            "y": 0.5
          }
        },
        "Z logo_RENDER_ALPHA_REVERSE_v04_00061.png": {
          "filename": "Z logo_RENDER_ALPHA_REVERSE_v04_00061.png",
          "frame": {
            "x": 0,
            "y": 1178,
            "w": 306,
            "h": 286
          },
          "rotated": false,
          "trimmed": true,
          "spriteSourceSize": {
            "x": 97,
            "y": 106,
            "w": 306,
            "h": 286
          },
          "sourceSize": {
            "w": 500,
            "h": 500
          },
          "pivot": {
            "x": 0.5,
            "y": 0.5
          }
        },
        "Z logo_RENDER_ALPHA_REVERSE_v04_00065.png": {
          "filename": "Z logo_RENDER_ALPHA_REVERSE_v04_00065.png",
          "frame": {
            "x": 306,
            "y": 1178,
            "w": 306,
            "h": 286
          },
          "rotated": false,
          "trimmed": true,
          "spriteSourceSize": {
            "x": 97,
            "y": 106,
            "w": 306,
            "h": 286
          },
          "sourceSize": {
            "w": 500,
            "h": 500
          },
          "pivot": {
            "x": 0.5,
            "y": 0.5
          }
        },
        "Z logo_RENDER_ALPHA_REVERSE_v04_00064.png": {
          "filename": "Z logo_RENDER_ALPHA_REVERSE_v04_00064.png",
          "frame": {
            "x": 612,
            "y": 1178,
            "w": 306,
            "h": 286
          },
          "rotated": false,
          "trimmed": true,
          "spriteSourceSize": {
            "x": 97,
            "y": 106,
            "w": 306,
            "h": 286
          },
          "sourceSize": {
            "w": 500,
            "h": 500
          },
          "pivot": {
            "x": 0.5,
            "y": 0.5
          }
        },
        "Z logo_RENDER_ALPHA_REVERSE_v04_00067.png": {
          "filename": "Z logo_RENDER_ALPHA_REVERSE_v04_00067.png",
          "frame": {
            "x": 918,
            "y": 1178,
            "w": 306,
            "h": 286
          },
          "rotated": false,
          "trimmed": true,
          "spriteSourceSize": {
            "x": 97,
            "y": 106,
            "w": 306,
            "h": 286
          },
          "sourceSize": {
            "w": 500,
            "h": 500
          },
          "pivot": {
            "x": 0.5,
            "y": 0.5
          }
        },
        "Z logo_RENDER_ALPHA_REVERSE_v04_00066.png": {
          "filename": "Z logo_RENDER_ALPHA_REVERSE_v04_00066.png",
          "frame": {
            "x": 1224,
            "y": 1178,
            "w": 306,
            "h": 286
          },
          "rotated": false,
          "trimmed": true,
          "spriteSourceSize": {
            "x": 97,
            "y": 106,
            "w": 306,
            "h": 286
          },
          "sourceSize": {
            "w": 500,
            "h": 500
          },
          "pivot": {
            "x": 0.5,
            "y": 0.5
          }
        },
        "Z logo_RENDER_ALPHA_REVERSE_v04_00070.png": {
          "filename": "Z logo_RENDER_ALPHA_REVERSE_v04_00070.png",
          "frame": {
            "x": 1550,
            "y": 0,
            "w": 306,
            "h": 286
          },
          "rotated": false,
          "trimmed": true,
          "spriteSourceSize": {
            "x": 97,
            "y": 106,
            "w": 306,
            "h": 286
          },
          "sourceSize": {
            "w": 500,
            "h": 500
          },
          "pivot": {
            "x": 0.5,
            "y": 0.5
          }
        },
        "Z logo_RENDER_ALPHA_REVERSE_v04_00071.png": {
          "filename": "Z logo_RENDER_ALPHA_REVERSE_v04_00071.png",
          "frame": {
            "x": 1550,
            "y": 286,
            "w": 306,
            "h": 286
          },
          "rotated": false,
          "trimmed": true,
          "spriteSourceSize": {
            "x": 97,
            "y": 106,
            "w": 306,
            "h": 286
          },
          "sourceSize": {
            "w": 500,
            "h": 500
          },
          "pivot": {
            "x": 0.5,
            "y": 0.5
          }
        },
        "Z logo_RENDER_ALPHA_REVERSE_v04_00068.png": {
          "filename": "Z logo_RENDER_ALPHA_REVERSE_v04_00068.png",
          "frame": {
            "x": 1550,
            "y": 572,
            "w": 306,
            "h": 286
          },
          "rotated": false,
          "trimmed": true,
          "spriteSourceSize": {
            "x": 97,
            "y": 106,
            "w": 306,
            "h": 286
          },
          "sourceSize": {
            "w": 500,
            "h": 500
          },
          "pivot": {
            "x": 0.5,
            "y": 0.5
          }
        },
        "Z logo_RENDER_ALPHA_REVERSE_v04_00069.png": {
          "filename": "Z logo_RENDER_ALPHA_REVERSE_v04_00069.png",
          "frame": {
            "x": 1550,
            "y": 858,
            "w": 306,
            "h": 286
          },
          "rotated": false,
          "trimmed": true,
          "spriteSourceSize": {
            "x": 97,
            "y": 106,
            "w": 306,
            "h": 286
          },
          "sourceSize": {
            "w": 500,
            "h": 500
          },
          "pivot": {
            "x": 0.5,
            "y": 0.5
          }
        },
        "Z logo_RENDER_ALPHA_REVERSE_v04_00072.png": {
          "filename": "Z logo_RENDER_ALPHA_REVERSE_v04_00072.png",
          "frame": {
            "x": 1550,
            "y": 1144,
            "w": 306,
            "h": 286
          },
          "rotated": false,
          "trimmed": true,
          "spriteSourceSize": {
            "x": 97,
            "y": 106,
            "w": 306,
            "h": 286
          },
          "sourceSize": {
            "w": 500,
            "h": 500
          },
          "pivot": {
            "x": 0.5,
            "y": 0.5
          }
        },
        "Z logo_RENDER_ALPHA_REVERSE_v04_00075.png": {
          "filename": "Z logo_RENDER_ALPHA_REVERSE_v04_00075.png",
          "frame": {
            "x": 0,
            "y": 1464,
            "w": 306,
            "h": 286
          },
          "rotated": false,
          "trimmed": true,
          "spriteSourceSize": {
            "x": 97,
            "y": 106,
            "w": 306,
            "h": 286
          },
          "sourceSize": {
            "w": 500,
            "h": 500
          },
          "pivot": {
            "x": 0.5,
            "y": 0.5
          }
        },
        "Z logo_RENDER_ALPHA_REVERSE_v04_00079.png": {
          "filename": "Z logo_RENDER_ALPHA_REVERSE_v04_00079.png",
          "frame": {
            "x": 309,
            "y": 309,
            "w": 306,
            "h": 290
          },
          "rotated": false,
          "trimmed": true,
          "spriteSourceSize": {
            "x": 97,
            "y": 102,
            "w": 306,
            "h": 290
          },
          "sourceSize": {
            "w": 500,
            "h": 500
          },
          "pivot": {
            "x": 0.5,
            "y": 0.5
          }
        },
        "Z logo_RENDER_ALPHA_REVERSE_v04_00080.png": {
          "filename": "Z logo_RENDER_ALPHA_REVERSE_v04_00080.png",
          "frame": {
            "x": 0,
            "y": 309,
            "w": 309,
            "h": 297
          },
          "rotated": false,
          "trimmed": true,
          "spriteSourceSize": {
            "x": 94,
            "y": 98,
            "w": 309,
            "h": 297
          },
          "sourceSize": {
            "w": 500,
            "h": 500
          },
          "pivot": {
            "x": 0.5,
            "y": 0.5
          }
        },
        "Z logo_RENDER_ALPHA_REVERSE_v04_00081.png": {
          "filename": "Z logo_RENDER_ALPHA_REVERSE_v04_00081.png",
          "frame": {
            "x": 315,
            "y": 0,
            "w": 309,
            "h": 304
          },
          "rotated": false,
          "trimmed": true,
          "spriteSourceSize": {
            "x": 90,
            "y": 94,
            "w": 309,
            "h": 304
          },
          "sourceSize": {
            "w": 500,
            "h": 500
          },
          "pivot": {
            "x": 0.5,
            "y": 0.5
          }
        },
        "Z logo_RENDER_ALPHA_REVERSE_v04_00082.png": {
          "filename": "Z logo_RENDER_ALPHA_REVERSE_v04_00082.png",
          "frame": {
            "x": 0,
            "y": 0,
            "w": 315,
            "h": 309
          },
          "rotated": false,
          "trimmed": true,
          "spriteSourceSize": {
            "x": 87,
            "y": 91,
            "w": 315,
            "h": 309
          },
          "sourceSize": {
            "w": 500,
            "h": 500
          },
          "pivot": {
            "x": 0.5,
            "y": 0.5
          }
        },
        "Z logo_RENDER_ALPHA_REVERSE_v04_00084.png": {
          "filename": "Z logo_RENDER_ALPHA_REVERSE_v04_00084.png",
          "frame": {
            "x": 1530,
            "y": 1464,
            "w": 275,
            "h": 266
          },
          "rotated": false,
          "trimmed": true,
          "spriteSourceSize": {
            "x": 107,
            "y": 111,
            "w": 275,
            "h": 266
          },
          "sourceSize": {
            "w": 500,
            "h": 500
          },
          "pivot": {
            "x": 0.5,
            "y": 0.5
          }
        }
      },
      "meta": {
        "format": "RGBA8888",
        "size": {
          "w": 1856,
          "h": 1750
        },
        "scale": "1"
      }
    }
  },
  {
    "image": "logo_sheet_2.png",
    "data": {
      "frames": {
        "Z logo_RENDER_ALPHA_REVERSE_v04_00001.png": {
          "filename": "Z logo_RENDER_ALPHA_REVERSE_v04_00001.png",
          "frame": {
            "x": 2037,
            "y": 780,
            "w": 5,
            "h": 5
          },
          "rotated": false,
          "trimmed": true,
          "spriteSourceSize": {
            "x": 238,
            "y": 266,
            "w": 5,
            "h": 5
          },
          "sourceSize": {
            "w": 500,
            "h": 500
          },
          "pivot": {
            "x": 0.5,
            "y": 0.5
          }
        },
        "Z logo_RENDER_ALPHA_REVERSE_v04_00002.png": {
          "filename": "Z logo_RENDER_ALPHA_REVERSE_v04_00002.png",
          "frame": {
            "x": 2011,
            "y": 1236,
            "w": 29,
            "h": 32
          },
          "rotated": false,
          "trimmed": true,
          "spriteSourceSize": {
            "x": 228,
            "y": 248,
            "w": 29,
            "h": 32
          },
          "sourceSize": {
            "w": 500,
            "h": 500
          },
          "pivot": {
            "x": 0.5,
            "y": 0.5
          }
        },
        "Z logo_RENDER_ALPHA_REVERSE_v04_00003.png": {
          "filename": "Z logo_RENDER_ALPHA_REVERSE_v04_00003.png",
          "frame": {
            "x": 1996,
            "y": 1544,
            "w": 46,
            "h": 54
          },
          "rotated": false,
          "trimmed": true,
          "spriteSourceSize": {
            "x": 220,
            "y": 237,
            "w": 46,
            "h": 54
          },
          "sourceSize": {
            "w": 500,
            "h": 500
          },
          "pivot": {
            "x": 0.5,
            "y": 0.5
          }
        },
        "Z logo_RENDER_ALPHA_REVERSE_v04_00000.png": {
          "filename": "Z logo_RENDER_ALPHA_REVERSE_v04_00000.png",
          "frame": {
            "x": 2041,
            "y": 387,
            "w": 1,
            "h": 1
          },
          "rotated": false,
          "trimmed": true,
          "spriteSourceSize": {
            "x": 0,
            "y": 0,
            "w": 1,
            "h": 1
          },
          "sourceSize": {
            "w": 500,
            "h": 500
          },
          "pivot": {
            "x": 0.5,
            "y": 0.5
          }
        },
        "Z logo_RENDER_ALPHA_REVERSE_v04_00005.png": {
          "filename": "Z logo_RENDER_ALPHA_REVERSE_v04_00005.png",
          "frame": {
            "x": 1939,
            "y": 1067,
            "w": 101,
            "h": 81
          },
          "rotated": false,
          "trimmed": true,
          "spriteSourceSize": {
            "x": 193,
            "y": 224,
            "w": 101,
            "h": 81
          },
          "sourceSize": {
            "w": 500,
            "h": 500
          },
          "pivot": {
            "x": 0.5,
            "y": 0.5
          }
        },
        "Z logo_RENDER_ALPHA_REVERSE_v04_00004.png": {
          "filename": "Z logo_RENDER_ALPHA_REVERSE_v04_00004.png",
          "frame": {
            "x": 1939,
            "y": 1394,
            "w": 72,
            "h": 71
          },
          "rotated": false,
          "trimmed": true,
          "spriteSourceSize": {
            "x": 208,
            "y": 229,
            "w": 72,
            "h": 71
          },
          "sourceSize": {
            "w": 500,
            "h": 500
          },
          "pivot": {
            "x": 0.5,
            "y": 0.5
          }
        },
        "Z logo_RENDER_ALPHA_REVERSE_v04_00006.png": {
          "filename": "Z logo_RENDER_ALPHA_REVERSE_v04_00006.png",
          "frame": {
            "x": 1155,
            "y": 1360,
            "w": 125,
            "h": 91
          },
          "rotated": false,
          "trimmed": true,
          "spriteSourceSize": {
            "x": 180,
            "y": 218,
            "w": 125,
            "h": 91
          },
          "sourceSize": {
            "w": 500,
            "h": 500
          },
          "pivot": {
            "x": 0.5,
            "y": 0.5
          }
        },
        "Z logo_RENDER_ALPHA_REVERSE_v04_00008.png": {
          "filename": "Z logo_RENDER_ALPHA_REVERSE_v04_00008.png",
          "frame": {
            "x": 1462,
            "y": 1243,
            "w": 161,
            "h": 115
          },
          "rotated": false,
          "trimmed": true,
          "spriteSourceSize": {
            "x": 164,
            "y": 207,
            "w": 161,
            "h": 115
          },
          "sourceSize": {
            "w": 500,
            "h": 500
          },
          "pivot": {
            "x": 0.5,
            "y": 0.5
          }
        },
        "Z logo_RENDER_ALPHA_REVERSE_v04_00007.png": {
          "filename": "Z logo_RENDER_ALPHA_REVERSE_v04_00007.png",
          "frame": {
            "x": 1774,
            "y": 1498,
            "w": 147,
            "h": 104
          },
          "rotated": false,
          "trimmed": true,
          "spriteSourceSize": {
            "x": 171,
            "y": 213,
            "w": 147,
            "h": 104
          },
          "sourceSize": {
            "w": 500,
            "h": 500
          },
          "pivot": {
            "x": 0.5,
            "y": 0.5
          }
        },
        "Z logo_RENDER_ALPHA_REVERSE_v04_00009.png": {
          "filename": "Z logo_RENDER_ALPHA_REVERSE_v04_00009.png",
          "frame": {
            "x": 1050,
            "y": 1078,
            "w": 166,
            "h": 130
          },
          "rotated": false,
          "trimmed": true,
          "spriteSourceSize": {
            "x": 161,
            "y": 198,
            "w": 166,
            "h": 130
          },
          "sourceSize": {
            "w": 500,
            "h": 500
          },
          "pivot": {
            "x": 0.5,
            "y": 0.5
          }
        },
        "Z logo_RENDER_ALPHA_REVERSE_v04_00011.png": {
          "filename": "Z logo_RENDER_ALPHA_REVERSE_v04_00011.png",
          "frame": {
            "x": 700,
            "y": 1078,
            "w": 178,
            "h": 212
          },
          "rotated": false,
          "trimmed": true,
          "spriteSourceSize": {
            "x": 153,
            "y": 156,
            "w": 178,
            "h": 212
          },
          "sourceSize": {
            "w": 500,
            "h": 500
          },
          "pivot": {
            "x": 0.5,
            "y": 0.5
          }
        },
        "Z logo_RENDER_ALPHA_REVERSE_v04_00010.png": {
          "filename": "Z logo_RENDER_ALPHA_REVERSE_v04_00010.png",
          "frame": {
            "x": 878,
            "y": 1078,
            "w": 172,
            "h": 158
          },
          "rotated": false,
          "trimmed": true,
          "spriteSourceSize": {
            "x": 156,
            "y": 185,
            "w": 172,
            "h": 158
          },
          "sourceSize": {
            "w": 500,
            "h": 500
          },
          "pivot": {
            "x": 0.5,
            "y": 0.5
          }
        },
        "Z logo_RENDER_ALPHA_REVERSE_v04_00012.png": {
          "filename": "Z logo_RENDER_ALPHA_REVERSE_v04_00012.png",
          "frame": {
            "x": 175,
            "y": 1611,
            "w": 180,
            "h": 269
          },
          "rotated": false,
          "trimmed": true,
          "spriteSourceSize": {
            "x": 152,
            "y": 126,
            "w": 180,
            "h": 269
          },
          "sourceSize": {
            "w": 500,
            "h": 500
          },
          "pivot": {
            "x": 0.5,
            "y": 0.5
          }
        },
        "Z logo_RENDER_ALPHA_REVERSE_v04_00013.png": {
          "filename": "Z logo_RENDER_ALPHA_REVERSE_v04_00013.png",
          "frame": {
            "x": 0,
            "y": 1611,
            "w": 175,
            "h": 316
          },
          "rotated": false,
          "trimmed": true,
          "spriteSourceSize": {
            "x": 155,
            "y": 100,
            "w": 175,
            "h": 316
          },
          "sourceSize": {
            "w": 500,
            "h": 500
          },
          "pivot": {
            "x": 0.5,
            "y": 0.5
          }
        },
        "Z logo_RENDER_ALPHA_REVERSE_v04_00014.png": {
          "filename": "Z logo_RENDER_ALPHA_REVERSE_v04_00014.png",
          "frame": {
            "x": 1774,
            "y": 0,
            "w": 165,
            "h": 350
          },
          "rotated": false,
          "trimmed": true,
          "spriteSourceSize": {
            "x": 160,
            "y": 81,
            "w": 165,
            "h": 350
          },
          "sourceSize": {
            "w": 500,
            "h": 500
          },
          "pivot": {
            "x": 0.5,
            "y": 0.5
          }
        },
        "Z logo_RENDER_ALPHA_REVERSE_v04_00016.png": {
          "filename": "Z logo_RENDER_ALPHA_REVERSE_v04_00016.png",
          "frame": {
            "x": 1774,
            "y": 1117,
            "w": 132,
            "h": 381
          },
          "rotated": false,
          "trimmed": true,
          "spriteSourceSize": {
            "x": 177,
            "y": 63,
            "w": 132,
            "h": 381
          },
          "sourceSize": {
            "w": 500,
            "h": 500
          },
          "pivot": {
            "x": 0.5,
            "y": 0.5
          }
        },
        "Z logo_RENDER_ALPHA_REVERSE_v04_00015.png": {
          "filename": "Z logo_RENDER_ALPHA_REVERSE_v04_00015.png",
          "frame": {
            "x": 1774,
            "y": 350,
            "w": 150,
            "h": 371
          },
          "rotated": false,
          "trimmed": true,
          "spriteSourceSize": {
            "x": 168,
            "y": 69,
            "w": 150,
            "h": 371
          },
          "sourceSize": {
            "w": 500,
            "h": 500
          },
          "pivot": {
            "x": 0.5,
            "y": 0.5
          }
        },
        "Z logo_RENDER_ALPHA_REVERSE_v04_00018.png": {
          "filename": "Z logo_RENDER_ALPHA_REVERSE_v04_00018.png",
          "frame": {
            "x": 1939,
            "y": 0,
            "w": 105,
            "h": 387
          },
          "rotated": false,
          "trimmed": true,
          "spriteSourceSize": {
            "x": 191,
            "y": 58,
            "w": 105,
            "h": 387
          },
          "sourceSize": {
            "w": 500,
            "h": 500
          },
          "pivot": {
            "x": 0.5,
            "y": 0.5
          }
        },
        "Z logo_RENDER_ALPHA_REVERSE_v04_00017.png": {
          "filename": "Z logo_RENDER_ALPHA_REVERSE_v04_00017.png",
          "frame": {
            "x": 1649,
            "y": 852,
            "w": 117,
            "h": 385
          },
          "rotated": false,
          "trimmed": true,
          "spriteSourceSize": {
            "x": 185,
            "y": 60,
            "w": 117,
            "h": 385
          },
          "sourceSize": {
            "w": 500,
            "h": 500
          },
          "pivot": {
            "x": 0.5,
            "y": 0.5
          }
        },
        "Z logo_RENDER_ALPHA_REVERSE_v04_00019.png": {
          "filename": "Z logo_RENDER_ALPHA_REVERSE_v04_00019.png",
          "frame": {
            "x": 1939,
            "y": 387,
            "w": 102,
            "h": 393
          },
          "rotated": false,
          "trimmed": true,
          "spriteSourceSize": {
            "x": 193,
            "y": 55,
            "w": 102,
            "h": 393
          },
          "sourceSize": {
            "w": 500,
            "h": 500
          },
          "pivot": {
            "x": 0.5,
            "y": 0.5
          }
        },
        "Z logo_RENDER_ALPHA_REVERSE_v04_00020.png": {
          "filename": "Z logo_RENDER_ALPHA_REVERSE_v04_00020.png",
          "frame": {
            "x": 1774,
            "y": 721,
            "w": 135,
            "h": 396
          },
          "rotated": false,
          "trimmed": true,
          "spriteSourceSize": {
            "x": 177,
            "y": 53,
            "w": 135,
            "h": 396
          },
          "sourceSize": {
            "w": 500,
            "h": 500
          },
          "pivot": {
            "x": 0.5,
            "y": 0.5
          }
        },
        "Z logo_RENDER_ALPHA_REVERSE_v04_00021.png": {
          "filename": "Z logo_RENDER_ALPHA_REVERSE_v04_00021.png",
          "frame": {
            "x": 1462,
            "y": 852,
            "w": 187,
            "h": 391
          },
          "rotated": false,
          "trimmed": true,
          "spriteSourceSize": {
            "x": 151,
            "y": 55,
            "w": 187,
            "h": 391
          },
          "sourceSize": {
            "w": 500,
            "h": 500
          },
          "pivot": {
            "x": 0.5,
            "y": 0.5
          }
        },
        "Z logo_RENDER_ALPHA_REVERSE_v04_00023.png": {
          "filename": "Z logo_RENDER_ALPHA_REVERSE_v04_00023.png",
          "frame": {
            "x": 804,
            "y": 282,
            "w": 318,
            "h": 294
          },
          "rotated": false,
          "trimmed": true,
          "spriteSourceSize": {
            "x": 88,
            "y": 103,
            "w": 318,
            "h": 294
          },
          "sourceSize": {
            "w": 500,
            "h": 500
          },
          "pivot": {
            "x": 0.5,
            "y": 0.5
          }
        },
        "Z logo_RENDER_ALPHA_REVERSE_v04_00022.png": {
          "filename": "Z logo_RENDER_ALPHA_REVERSE_v04_00022.png",
          "frame": {
            "x": 1137,
            "y": 564,
            "w": 248,
            "h": 362
          },
          "rotated": false,
          "trimmed": true,
          "spriteSourceSize": {
            "x": 121,
            "y": 69,
            "w": 248,
            "h": 362
          },
          "sourceSize": {
            "w": 500,
            "h": 500
          },
          "pivot": {
            "x": 0.5,
            "y": 0.5
          }
        },
        "Z logo_RENDER_ALPHA_REVERSE_v04_00024.png": {
          "filename": "Z logo_RENDER_ALPHA_REVERSE_v04_00024.png",
          "frame": {
            "x": 0,
            "y": 251,
            "w": 375,
            "h": 265
          },
          "rotated": false,
          "trimmed": true,
          "spriteSourceSize": {
            "x": 58,
            "y": 118,
            "w": 375,
            "h": 265
          },
          "sourceSize": {
            "w": 500,
            "h": 500
          },
          "pivot": {
            "x": 0.5,
            "y": 0.5
          }
        },
        "Z logo_RENDER_ALPHA_REVERSE_v04_00025.png": {
          "filename": "Z logo_RENDER_ALPHA_REVERSE_v04_00025.png",
          "frame": {
            "x": 0,
            "y": 0,
            "w": 400,
            "h": 251
          },
          "rotated": false,
          "trimmed": true,
          "spriteSourceSize": {
            "x": 46,
            "y": 125,
            "w": 400,
            "h": 251
          },
          "sourceSize": {
            "w": 500,
            "h": 500
          },
          "pivot": {
            "x": 0.5,
            "y": 0.5
          }
        },
        "Z logo_RENDER_ALPHA_REVERSE_v04_00026.png": {
          "filename": "Z logo_RENDER_ALPHA_REVERSE_v04_00026.png",
          "frame": {
            "x": 400,
            "y": 0,
            "w": 404,
            "h": 242
          },
          "rotated": false,
          "trimmed": true,
          "spriteSourceSize": {
            "x": 44,
            "y": 130,
            "w": 404,
            "h": 242
          },
          "sourceSize": {
            "w": 500,
            "h": 500
          },
          "pivot": {
            "x": 0.5,
            "y": 0.5
          }
        },
        "Z logo_RENDER_ALPHA_REVERSE_v04_00027.png": {
          "filename": "Z logo_RENDER_ALPHA_REVERSE_v04_00027.png",
          "frame": {
            "x": 400,
            "y": 242,
            "w": 398,
            "h": 237
          },
          "rotated": false,
          "trimmed": true,
          "spriteSourceSize": {
            "x": 47,
            "y": 132,
            "w": 398,
            "h": 237
          },
          "sourceSize": {
            "w": 500,
            "h": 500
          },
          "pivot": {
            "x": 0.5,
            "y": 0.5
          }
        },
        "Z logo_RENDER_ALPHA_REVERSE_v04_00028.png": {
          "filename": "Z logo_RENDER_ALPHA_REVERSE_v04_00028.png",
          "frame": {
            "x": 317,
            "y": 1078,
            "w": 383,
            "h": 233
          },
          "rotated": false,
          "trimmed": true,
          "spriteSourceSize": {
            "x": 54,
            "y": 134,
            "w": 383,
            "h": 233
          },
          "sourceSize": {
            "w": 500,
            "h": 500
          },
          "pivot": {
            "x": 0.5,
            "y": 0.5
          }
        },
        "Z logo_RENDER_ALPHA_REVERSE_v04_00030.png": {
          "filename": "Z logo_RENDER_ALPHA_REVERSE_v04_00030.png",
          "frame": {
            "x": 0,
            "y": 1360,
            "w": 348,
            "h": 251
          },
          "rotated": false,
          "trimmed": true,
          "spriteSourceSize": {
            "x": 73,
            "y": 122,
            "w": 348,
            "h": 251
          },
          "sourceSize": {
            "w": 500,
            "h": 500
          },
          "pivot": {
            "x": 0.5,
            "y": 0.5
          }
        },
        "Z logo_RENDER_ALPHA_REVERSE_v04_00029.png": {
          "filename": "Z logo_RENDER_ALPHA_REVERSE_v04_00029.png",
          "frame": {
            "x": 348,
            "y": 1360,
            "w": 364,
            "h": 235
          },
          "rotated": false,
          "trimmed": true,
          "spriteSourceSize": {
            "x": 64,
            "y": 131,
            "w": 364,
            "h": 235
          },
          "sourceSize": {
            "w": 500,
            "h": 500
          },
          "pivot": {
            "x": 0.5,
            "y": 0.5
          }
        },
        "Z logo_RENDER_ALPHA_REVERSE_v04_00031.png": {
          "filename": "Z logo_RENDER_ALPHA_REVERSE_v04_00031.png",
          "frame": {
            "x": 670,
            "y": 796,
            "w": 342,
            "h": 262
          },
          "rotated": false,
          "trimmed": true,
          "spriteSourceSize": {
            "x": 79,
            "y": 116,
            "w": 342,
            "h": 262
          },
          "sourceSize": {
            "w": 500,
            "h": 500
          },
          "pivot": {
            "x": 0.5,
            "y": 0.5
          }
        },
        "Z logo_RENDER_ALPHA_REVERSE_v04_00032.png": {
          "filename": "Z logo_RENDER_ALPHA_REVERSE_v04_00032.png",
          "frame": {
            "x": 329,
            "y": 796,
            "w": 341,
            "h": 271
          },
          "rotated": false,
          "trimmed": true,
          "spriteSourceSize": {
            "x": 79,
            "y": 112,
            "w": 341,
            "h": 271
          },
          "sourceSize": {
            "w": 500,
            "h": 500
          },
          "pivot": {
            "x": 0.5,
            "y": 0.5
          }
        },
        "Z logo_RENDER_ALPHA_REVERSE_v04_00033.png": {
          "filename": "Z logo_RENDER_ALPHA_REVERSE_v04_00033.png",
          "frame": {
            "x": 336,
            "y": 516,
            "w": 339,
            "h": 276
          },
          "rotated": false,
          "trimmed": true,
          "spriteSourceSize": {
            "x": 80,
            "y": 109,
            "w": 339,
            "h": 276
          },
          "sourceSize": {
            "w": 500,
            "h": 500
          },
          "pivot": {
            "x": 0.5,
            "y": 0.5
          }
        },
        "Z logo_RENDER_ALPHA_REVERSE_v04_00034.png": {
          "filename": "Z logo_RENDER_ALPHA_REVERSE_v04_00034.png",
          "frame": {
            "x": 0,
            "y": 516,
            "w": 336,
            "h": 280
          },
          "rotated": false,
          "trimmed": true,
          "spriteSourceSize": {
            "x": 82,
            "y": 107,
            "w": 336,
            "h": 280
          },
          "sourceSize": {
            "w": 500,
            "h": 500
          },
          "pivot": {
            "x": 0.5,
            "y": 0.5
          }
        },
        "Z logo_RENDER_ALPHA_REVERSE_v04_00037.png": {
          "filename": "Z logo_RENDER_ALPHA_REVERSE_v04_00037.png",
          "frame": {
            "x": 1137,
            "y": 0,
            "w": 325,
            "h": 282
          },
          "rotated": false,
          "trimmed": true,
          "spriteSourceSize": {
            "x": 87,
            "y": 106,
            "w": 325,
            "h": 282
          },
          "sourceSize": {
            "w": 500,
            "h": 500
          },
          "pivot": {
            "x": 0.5,
            "y": 0.5
          }
        },
        "Z logo_RENDER_ALPHA_REVERSE_v04_00035.png": {
          "filename": "Z logo_RENDER_ALPHA_REVERSE_v04_00035.png",
          "frame": {
            "x": 804,
            "y": 0,
            "w": 333,
            "h": 282
          },
          "rotated": false,
          "trimmed": true,
          "spriteSourceSize": {
            "x": 83,
            "y": 106,
            "w": 333,
            "h": 282
          },
          "sourceSize": {
            "w": 500,
            "h": 500
          },
          "pivot": {
            "x": 0.5,
            "y": 0.5
          }
        },
        "Z logo_RENDER_ALPHA_REVERSE_v04_00036.png": {
          "filename": "Z logo_RENDER_ALPHA_REVERSE_v04_00036.png",
          "frame": {
            "x": 0,
            "y": 796,
            "w": 329,
            "h": 282
          },
          "rotated": false,
          "trimmed": true,
          "spriteSourceSize": {
            "x": 85,
            "y": 106,
            "w": 329,
            "h": 282
          },
          "sourceSize": {
            "w": 500,
            "h": 500
          },
          "pivot": {
            "x": 0.5,
            "y": 0.5
          }
        },
        "Z logo_RENDER_ALPHA_REVERSE_v04_00038.png": {
          "filename": "Z logo_RENDER_ALPHA_REVERSE_v04_00038.png",
          "frame": {
            "x": 1137,
            "y": 282,
            "w": 321,
            "h": 282
          },
          "rotated": false,
          "trimmed": true,
          "spriteSourceSize": {
            "x": 89,
            "y": 106,
            "w": 321,
            "h": 282
          },
          "sourceSize": {
            "w": 500,
            "h": 500
          },
          "pivot": {
            "x": 0.5,
            "y": 0.5
          }
        },
        "Z logo_RENDER_ALPHA_REVERSE_v04_00039.png": {
          "filename": "Z logo_RENDER_ALPHA_REVERSE_v04_00039.png",
          "frame": {
            "x": 0,
            "y": 1078,
            "w": 317,
            "h": 282
          },
          "rotated": false,
          "trimmed": true,
          "spriteSourceSize": {
            "x": 91,
            "y": 106,
            "w": 317,
            "h": 282
          },
          "sourceSize": {
            "w": 500,
            "h": 500
          },
          "pivot": {
            "x": 0.5,
            "y": 0.5
          }
        },
        "Z logo_RENDER_ALPHA_REVERSE_v04_00042.png": {
          "filename": "Z logo_RENDER_ALPHA_REVERSE_v04_00042.png",
          "frame": {
            "x": 1462,
            "y": 568,
            "w": 309,
            "h": 284
          },
          "rotated": false,
          "trimmed": true,
          "spriteSourceSize": {
            "x": 95,
            "y": 106,
            "w": 309,
            "h": 284
          },
          "sourceSize": {
            "w": 500,
            "h": 500
          },
          "pivot": {
            "x": 0.5,
            "y": 0.5
          }
        },
        "Z logo_RENDER_ALPHA_REVERSE_v04_00043.png": {
          "filename": "Z logo_RENDER_ALPHA_REVERSE_v04_00043.png",
          "frame": {
            "x": 1462,
            "y": 283,
            "w": 308,
            "h": 285
          },
          "rotated": false,
          "trimmed": true,
          "spriteSourceSize": {
            "x": 96,
            "y": 106,
            "w": 308,
            "h": 285
          },
          "sourceSize": {
            "w": 500,
            "h": 500
          },
          "pivot": {
            "x": 0.5,
            "y": 0.5
          }
        },
        "Z logo_RENDER_ALPHA_REVERSE_v04_00041.png": {
          "filename": "Z logo_RENDER_ALPHA_REVERSE_v04_00041.png",
          "frame": {
            "x": 1462,
            "y": 0,
            "w": 312,
            "h": 283
          },
          "rotated": false,
          "trimmed": true,
          "spriteSourceSize": {
            "x": 94,
            "y": 106,
            "w": 312,
            "h": 283
          },
          "sourceSize": {
            "w": 500,
            "h": 500
          },
          "pivot": {
            "x": 0.5,
            "y": 0.5
          }
        },
        "Z logo_RENDER_ALPHA_REVERSE_v04_00085.png": {
          "filename": "Z logo_RENDER_ALPHA_REVERSE_v04_00085.png",
          "frame": {
            "x": 804,
            "y": 576,
            "w": 216,
            "h": 200
          },
          "rotated": false,
          "trimmed": true,
          "spriteSourceSize": {
            "x": 136,
            "y": 142,
            "w": 216,
            "h": 200
          },
          "sourceSize": {
            "w": 500,
            "h": 500
          },
          "pivot": {
            "x": 0.5,
            "y": 0.5
          }
        },
        "Z logo_RENDER_ALPHA_REVERSE_v04_00086.png": {
          "filename": "Z logo_RENDER_ALPHA_REVERSE_v04_00086.png",
          "frame": {
            "x": 1137,
            "y": 926,
            "w": 165,
            "h": 148
          },
          "rotated": false,
          "trimmed": true,
          "spriteSourceSize": {
            "x": 158,
            "y": 160,
            "w": 165,
            "h": 148
          },
          "sourceSize": {
            "w": 500,
            "h": 500
          },
          "pivot": {
            "x": 0.5,
            "y": 0.5
          }
        },
        "Z logo_RENDER_ALPHA_REVERSE_v04_00087.png": {
          "filename": "Z logo_RENDER_ALPHA_REVERSE_v04_00087.png",
          "frame": {
            "x": 1302,
            "y": 926,
            "w": 131,
            "h": 126
          },
          "rotated": false,
          "trimmed": true,
          "spriteSourceSize": {
            "x": 177,
            "y": 176,
            "w": 131,
            "h": 126
          },
          "sourceSize": {
            "w": 500,
            "h": 500
          },
          "pivot": {
            "x": 0.5,
            "y": 0.5
          }
        },
        "Z logo_RENDER_ALPHA_REVERSE_v04_00088.png": {
          "filename": "Z logo_RENDER_ALPHA_REVERSE_v04_00088.png",
          "frame": {
            "x": 1623,
            "y": 1243,
            "w": 116,
            "h": 114
          },
          "rotated": false,
          "trimmed": true,
          "spriteSourceSize": {
            "x": 192,
            "y": 188,
            "w": 116,
            "h": 114
          },
          "sourceSize": {
            "w": 500,
            "h": 500
          },
          "pivot": {
            "x": 0.5,
            "y": 0.5
          }
        },
        "Z logo_RENDER_ALPHA_REVERSE_v04_00089.png": {
          "filename": "Z logo_RENDER_ALPHA_REVERSE_v04_00089.png",
          "frame": {
            "x": 822,
            "y": 1360,
            "w": 110,
            "h": 110
          },
          "rotated": false,
          "trimmed": true,
          "spriteSourceSize": {
            "x": 197,
            "y": 193,
            "w": 110,
            "h": 110
          },
          "sourceSize": {
            "w": 500,
            "h": 500
          },
          "pivot": {
            "x": 0.5,
            "y": 0.5
          }
        },
        "Z logo_RENDER_ALPHA_REVERSE_v04_00090.png": {
          "filename": "Z logo_RENDER_ALPHA_REVERSE_v04_00090.png",
          "frame": {
            "x": 712,
            "y": 1360,
            "w": 110,
            "h": 110
          },
          "rotated": false,
          "trimmed": true,
          "spriteSourceSize": {
            "x": 197,
            "y": 193,
            "w": 110,
            "h": 110
          },
          "sourceSize": {
            "w": 500,
            "h": 500
          },
          "pivot": {
            "x": 0.5,
            "y": 0.5
          }
        },
        "Z logo_RENDER_ALPHA_REVERSE_v04_00092.png": {
          "filename": "Z logo_RENDER_ALPHA_REVERSE_v04_00092.png",
          "frame": {
            "x": 675,
            "y": 633,
            "w": 114,
            "h": 115
          },
          "rotated": false,
          "trimmed": true,
          "spriteSourceSize": {
            "x": 195,
            "y": 190,
            "w": 114,
            "h": 115
          },
          "sourceSize": {
            "w": 500,
            "h": 500
          },
          "pivot": {
            "x": 0.5,
            "y": 0.5
          }
        },
        "Z logo_RENDER_ALPHA_REVERSE_v04_00093.png": {
          "filename": "Z logo_RENDER_ALPHA_REVERSE_v04_00093.png",
          "frame": {
            "x": 675,
            "y": 516,
            "w": 117,
            "h": 117
          },
          "rotated": false,
          "trimmed": true,
          "spriteSourceSize": {
            "x": 194,
            "y": 189,
            "w": 117,
            "h": 117
          },
          "sourceSize": {
            "w": 500,
            "h": 500
          },
          "pivot": {
            "x": 0.5,
            "y": 0.5
          }
        },
        "Z logo_RENDER_ALPHA_REVERSE_v04_00091.png": {
          "filename": "Z logo_RENDER_ALPHA_REVERSE_v04_00091.png",
          "frame": {
            "x": 1328,
            "y": 1078,
            "w": 111,
            "h": 111
          },
          "rotated": false,
          "trimmed": true,
          "spriteSourceSize": {
            "x": 197,
            "y": 192,
            "w": 111,
            "h": 111
          },
          "sourceSize": {
            "w": 500,
            "h": 500
          },
          "pivot": {
            "x": 0.5,
            "y": 0.5
          }
        },
        "Z logo_RENDER_ALPHA_REVERSE_v04_00094.png": {
          "filename": "Z logo_RENDER_ALPHA_REVERSE_v04_00094.png",
          "frame": {
            "x": 1020,
            "y": 576,
            "w": 117,
            "h": 117
          },
          "rotated": false,
          "trimmed": true,
          "spriteSourceSize": {
            "x": 194,
            "y": 189,
            "w": 117,
            "h": 117
          },
          "sourceSize": {
            "w": 500,
            "h": 500
          },
          "pivot": {
            "x": 0.5,
            "y": 0.5
          }
        },
        "Z logo_RENDER_ALPHA_REVERSE_v04_00095.png": {
          "filename": "Z logo_RENDER_ALPHA_REVERSE_v04_00095.png",
          "frame": {
            "x": 1216,
            "y": 1078,
            "w": 112,
            "h": 113
          },
          "rotated": false,
          "trimmed": true,
          "spriteSourceSize": {
            "x": 196,
            "y": 191,
            "w": 112,
            "h": 113
          },
          "sourceSize": {
            "w": 500,
            "h": 500
          },
          "pivot": {
            "x": 0.5,
            "y": 0.5
          }
        },
        "Z logo_RENDER_ALPHA_REVERSE_v04_00096.png": {
          "filename": "Z logo_RENDER_ALPHA_REVERSE_v04_00096.png",
          "frame": {
            "x": 712,
            "y": 1470,
            "w": 106,
            "h": 106
          },
          "rotated": false,
          "trimmed": true,
          "spriteSourceSize": {
            "x": 199,
            "y": 195,
            "w": 106,
            "h": 106
          },
          "sourceSize": {
            "w": 500,
            "h": 500
          },
          "pivot": {
            "x": 0.5,
            "y": 0.5
          }
        },
        "Z logo_RENDER_ALPHA_REVERSE_v04_00098.png": {
          "filename": "Z logo_RENDER_ALPHA_REVERSE_v04_00098.png",
          "frame": {
            "x": 1939,
            "y": 1320,
            "w": 73,
            "h": 74
          },
          "rotated": false,
          "trimmed": true,
          "spriteSourceSize": {
            "x": 215,
            "y": 211,
            "w": 73,
            "h": 74
          },
          "sourceSize": {
            "w": 500,
            "h": 500
          },
          "pivot": {
            "x": 0.5,
            "y": 0.5
          }
        },
        "Z logo_RENDER_ALPHA_REVERSE_v04_00097.png": {
          "filename": "Z logo_RENDER_ALPHA_REVERSE_v04_00097.png",
          "frame": {
            "x": 1939,
            "y": 780,
            "w": 98,
            "h": 97
          },
          "rotated": false,
          "trimmed": true,
          "spriteSourceSize": {
            "x": 203,
            "y": 199,
            "w": 98,
            "h": 97
          },
          "sourceSize": {
            "w": 500,
            "h": 500
          },
          "pivot": {
            "x": 0.5,
            "y": 0.5
          }
        },
        "Z logo_RENDER_ALPHA_REVERSE_v04_00099.png": {
          "filename": "Z logo_RENDER_ALPHA_REVERSE_v04_00099.png",
          "frame": {
            "x": 1939,
            "y": 1682,
            "w": 49,
            "h": 43
          },
          "rotated": false,
          "trimmed": true,
          "spriteSourceSize": {
            "x": 226,
            "y": 228,
            "w": 49,
            "h": 43
          },
          "sourceSize": {
            "w": 500,
            "h": 500
          },
          "pivot": {
            "x": 0.5,
            "y": 0.5
          }
        },
        "Z logo_RENDER_ALPHA_REVERSE_v04_00100.png": {
          "filename": "Z logo_RENDER_ALPHA_REVERSE_v04_00100.png",
          "frame": {
            "x": 1939,
            "y": 1725,
            "w": 38,
            "h": 44
          },
          "rotated": false,
          "trimmed": true,
          "spriteSourceSize": {
            "x": 237,
            "y": 224,
            "w": 38,
            "h": 44
          },
          "sourceSize": {
            "w": 500,
            "h": 500
          },
          "pivot": {
            "x": 0.5,
            "y": 0.5
          }
        },
        "Z logo_RENDER_ALPHA_REVERSE_v04_00103.png": {
          "filename": "Z logo_RENDER_ALPHA_REVERSE_v04_00103.png",
          "frame": {
            "x": 1939,
            "y": 1618,
            "w": 52,
            "h": 64
          },
          "rotated": false,
          "trimmed": true,
          "spriteSourceSize": {
            "x": 236,
            "y": 216,
            "w": 52,
            "h": 64
          },
          "sourceSize": {
            "w": 500,
            "h": 500
          },
          "pivot": {
            "x": 0.5,
            "y": 0.5
          }
        },
        "Z logo_RENDER_ALPHA_REVERSE_v04_00102.png": {
          "filename": "Z logo_RENDER_ALPHA_REVERSE_v04_00102.png",
          "frame": {
            "x": 1991,
            "y": 1618,
            "w": 45,
            "h": 54
          },
          "rotated": false,
          "trimmed": true,
          "spriteSourceSize": {
            "x": 238,
            "y": 222,
            "w": 45,
            "h": 54
          },
          "sourceSize": {
            "w": 500,
            "h": 500
          },
          "pivot": {
            "x": 0.5,
            "y": 0.5
          }
        },
        "Z logo_RENDER_ALPHA_REVERSE_v04_00101.png": {
          "filename": "Z logo_RENDER_ALPHA_REVERSE_v04_00101.png",
          "frame": {
            "x": 2003,
            "y": 1465,
            "w": 38,
            "h": 50
          },
          "rotated": false,
          "trimmed": true,
          "spriteSourceSize": {
            "x": 241,
            "y": 223,
            "w": 38,
            "h": 50
          },
          "sourceSize": {
            "w": 500,
            "h": 500
          },
          "pivot": {
            "x": 0.5,
            "y": 0.5
          }
        },
        "Z logo_RENDER_ALPHA_REVERSE_v04_00105.png": {
          "filename": "Z logo_RENDER_ALPHA_REVERSE_v04_00105.png",
          "frame": {
            "x": 1939,
            "y": 1465,
            "w": 64,
            "h": 79
          },
          "rotated": false,
          "trimmed": true,
          "spriteSourceSize": {
            "x": 231,
            "y": 207,
            "w": 64,
            "h": 79
          },
          "sourceSize": {
            "w": 500,
            "h": 500
          },
          "pivot": {
            "x": 0.5,
            "y": 0.5
          }
        },
        "Z logo_RENDER_ALPHA_REVERSE_v04_00104.png": {
          "filename": "Z logo_RENDER_ALPHA_REVERSE_v04_00104.png",
          "frame": {
            "x": 1939,
            "y": 1544,
            "w": 57,
            "h": 74
          },
          "rotated": false,
          "trimmed": true,
          "spriteSourceSize": {
            "x": 234,
            "y": 210,
            "w": 57,
            "h": 74
          },
          "sourceSize": {
            "w": 500,
            "h": 500
          },
          "pivot": {
            "x": 0.5,
            "y": 0.5
          }
        },
        "Z logo_RENDER_ALPHA_REVERSE_v04_00106.png": {
          "filename": "Z logo_RENDER_ALPHA_REVERSE_v04_00106.png",
          "frame": {
            "x": 1939,
            "y": 1236,
            "w": 72,
            "h": 84
          },
          "rotated": false,
          "trimmed": true,
          "spriteSourceSize": {
            "x": 226,
            "y": 205,
            "w": 72,
            "h": 84
          },
          "sourceSize": {
            "w": 500,
            "h": 500
          },
          "pivot": {
            "x": 0.5,
            "y": 0.5
          }
        },
        "Z logo_RENDER_ALPHA_REVERSE_v04_00107.png": {
          "filename": "Z logo_RENDER_ALPHA_REVERSE_v04_00107.png",
          "frame": {
            "x": 1939,
            "y": 1148,
            "w": 81,
            "h": 88
          },
          "rotated": false,
          "trimmed": true,
          "spriteSourceSize": {
            "x": 220,
            "y": 204,
            "w": 81,
            "h": 88
          },
          "sourceSize": {
            "w": 500,
            "h": 500
          },
          "pivot": {
            "x": 0.5,
            "y": 0.5
          }
        },
        "Z logo_RENDER_ALPHA_REVERSE_v04_00108.png": {
          "filename": "Z logo_RENDER_ALPHA_REVERSE_v04_00108.png",
          "frame": {
            "x": 1939,
            "y": 975,
            "w": 89,
            "h": 92
          },
          "rotated": false,
          "trimmed": true,
          "spriteSourceSize": {
            "x": 213,
            "y": 204,
            "w": 89,
            "h": 92
          },
          "sourceSize": {
            "w": 500,
            "h": 500
          },
          "pivot": {
            "x": 0.5,
            "y": 0.5
          }
        },
        "Z logo_RENDER_ALPHA_REVERSE_v04_00109.png": {
          "filename": "Z logo_RENDER_ALPHA_REVERSE_v04_00109.png",
          "frame": {
            "x": 1939,
            "y": 877,
            "w": 97,
            "h": 98
          },
          "rotated": false,
          "trimmed": true,
          "spriteSourceSize": {
            "x": 206,
            "y": 204,
            "w": 97,
            "h": 98
          },
          "sourceSize": {
            "w": 500,
            "h": 500
          },
          "pivot": {
            "x": 0.5,
            "y": 0.5
          }
        },
        "Z logo_RENDER_ALPHA_REVERSE_v04_00110.png": {
          "filename": "Z logo_RENDER_ALPHA_REVERSE_v04_00110.png",
          "frame": {
            "x": 818,
            "y": 1470,
            "w": 107,
            "h": 104
          },
          "rotated": false,
          "trimmed": true,
          "spriteSourceSize": {
            "x": 200,
            "y": 204,
            "w": 107,
            "h": 104
          },
          "sourceSize": {
            "w": 500,
            "h": 500
          },
          "pivot": {
            "x": 0.5,
            "y": 0.5
          }
        },
        "Z logo_RENDER_ALPHA_REVERSE_v04_00111.png": {
          "filename": "Z logo_RENDER_ALPHA_REVERSE_v04_00111.png",
          "frame": {
            "x": 1012,
            "y": 911,
            "w": 116,
            "h": 110
          },
          "rotated": false,
          "trimmed": true,
          "spriteSourceSize": {
            "x": 195,
            "y": 205,
            "w": 116,
            "h": 110
          },
          "sourceSize": {
            "w": 500,
            "h": 500
          },
          "pivot": {
            "x": 0.5,
            "y": 0.5
          }
        },
        "Z logo_RENDER_ALPHA_REVERSE_v04_00113.png": {
          "filename": "Z logo_RENDER_ALPHA_REVERSE_v04_00113.png",
          "frame": {
            "x": 1035,
            "y": 1470,
            "w": 106,
            "h": 95
          },
          "rotated": false,
          "trimmed": true,
          "spriteSourceSize": {
            "x": 189,
            "y": 201,
            "w": 106,
            "h": 95
          },
          "sourceSize": {
            "w": 500,
            "h": 500
          },
          "pivot": {
            "x": 0.5,
            "y": 0.5
          }
        },
        "Z logo_RENDER_ALPHA_REVERSE_v04_00112.png": {
          "filename": "Z logo_RENDER_ALPHA_REVERSE_v04_00112.png",
          "frame": {
            "x": 1280,
            "y": 1360,
            "w": 120,
            "h": 90
          },
          "rotated": false,
          "trimmed": true,
          "spriteSourceSize": {
            "x": 192,
            "y": 204,
            "w": 120,
            "h": 90
          },
          "sourceSize": {
            "w": 500,
            "h": 500
          },
          "pivot": {
            "x": 0.5,
            "y": 0.5
          }
        },
        "Z logo_RENDER_ALPHA_REVERSE_v04_00115.png": {
          "filename": "Z logo_RENDER_ALPHA_REVERSE_v04_00115.png",
          "frame": {
            "x": 932,
            "y": 1360,
            "w": 112,
            "h": 107
          },
          "rotated": false,
          "trimmed": true,
          "spriteSourceSize": {
            "x": 188,
            "y": 192,
            "w": 112,
            "h": 107
          },
          "sourceSize": {
            "w": 500,
            "h": 500
          },
          "pivot": {
            "x": 0.5,
            "y": 0.5
          }
        },
        "Z logo_RENDER_ALPHA_REVERSE_v04_00116.png": {
          "filename": "Z logo_RENDER_ALPHA_REVERSE_v04_00116.png",
          "frame": {
            "x": 1012,
            "y": 796,
            "w": 112,
            "h": 115
          },
          "rotated": false,
          "trimmed": true,
          "spriteSourceSize": {
            "x": 189,
            "y": 186,
            "w": 112,
            "h": 115
          },
          "sourceSize": {
            "w": 500,
            "h": 500
          },
          "pivot": {
            "x": 0.5,
            "y": 0.5
          }
        },
        "Z logo_RENDER_ALPHA_REVERSE_v04_00114.png": {
          "filename": "Z logo_RENDER_ALPHA_REVERSE_v04_00114.png",
          "frame": {
            "x": 925,
            "y": 1470,
            "w": 110,
            "h": 101
          },
          "rotated": false,
          "trimmed": true,
          "spriteSourceSize": {
            "x": 188,
            "y": 197,
            "w": 110,
            "h": 101
          },
          "sourceSize": {
            "w": 500,
            "h": 500
          },
          "pivot": {
            "x": 0.5,
            "y": 0.5
          }
        },
        "Z logo_RENDER_ALPHA_REVERSE_v04_00119.png": {
          "filename": "Z logo_RENDER_ALPHA_REVERSE_v04_00119.png",
          "frame": {
            "x": 2037,
            "y": 785,
            "w": 4,
            "h": 5
          },
          "rotated": false,
          "trimmed": true,
          "spriteSourceSize": {
            "x": 196,
            "y": 209,
            "w": 4,
            "h": 5
          },
          "sourceSize": {
            "w": 500,
            "h": 500
          },
          "pivot": {
            "x": 0.5,
            "y": 0.5
          }
        },
        "Z logo_RENDER_ALPHA_REVERSE_v04_00118.png": {
          "filename": "Z logo_RENDER_ALPHA_REVERSE_v04_00118.png",
          "frame": {
            "x": 1020,
            "y": 693,
            "w": 109,
            "h": 32
          },
          "rotated": false,
          "trimmed": true,
          "spriteSourceSize": {
            "x": 193,
            "y": 197,
            "w": 109,
            "h": 32
          },
          "sourceSize": {
            "w": 500,
            "h": 500
          },
          "pivot": {
            "x": 0.5,
            "y": 0.5
          }
        },
        "Z logo_RENDER_ALPHA_REVERSE_v04_00117.png": {
          "filename": "Z logo_RENDER_ALPHA_REVERSE_v04_00117.png",
          "frame": {
            "x": 1044,
            "y": 1360,
            "w": 111,
            "h": 104
          },
          "rotated": false,
          "trimmed": true,
          "spriteSourceSize": {
            "x": 191,
            "y": 198,
            "w": 111,
            "h": 104
          },
          "sourceSize": {
            "w": 500,
            "h": 500
          },
          "pivot": {
            "x": 0.5,
            "y": 0.5
          }
        },
        "Z logo_RENDER_ALPHA_REVERSE_v04_00120.png": {
          "filename": "Z logo_RENDER_ALPHA_REVERSE_v04_00120.png",
          "frame": {
            "x": 2042,
            "y": 387,
            "w": 1,
            "h": 1
          },
          "rotated": false,
          "trimmed": true,
          "spriteSourceSize": {
            "x": 0,
            "y": 0,
            "w": 1,
            "h": 1
          },
          "sourceSize": {
            "w": 500,
            "h": 500
          },
          "pivot": {
            "x": 0.5,
            "y": 0.5
          }
        },
        "Z logo_RENDER_ALPHA_REVERSE_v04_00121.png": {
          "filename": "Z logo_RENDER_ALPHA_REVERSE_v04_00121.png",
          "frame": {
            "x": 2043,
            "y": 387,
            "w": 1,
            "h": 1
          },
          "rotated": false,
          "trimmed": true,
          "spriteSourceSize": {
            "x": 0,
            "y": 0,
            "w": 1,
            "h": 1
          },
          "sourceSize": {
            "w": 500,
            "h": 500
          },
          "pivot": {
            "x": 0.5,
            "y": 0.5
          }
        },
        "Z logo_RENDER_ALPHA_REVERSE_v04_00122.png": {
          "filename": "Z logo_RENDER_ALPHA_REVERSE_v04_00122.png",
          "frame": {
            "x": 2041,
            "y": 388,
            "w": 1,
            "h": 1
          },
          "rotated": false,
          "trimmed": true,
          "spriteSourceSize": {
            "x": 0,
            "y": 0,
            "w": 1,
            "h": 1
          },
          "sourceSize": {
            "w": 500,
            "h": 500
          },
          "pivot": {
            "x": 0.5,
            "y": 0.5
          }
        },
        "Z logo_RENDER_ALPHA_REVERSE_v04_00123.png": {
          "filename": "Z logo_RENDER_ALPHA_REVERSE_v04_00123.png",
          "frame": {
            "x": 2042,
            "y": 388,
            "w": 1,
            "h": 1
          },
          "rotated": false,
          "trimmed": true,
          "spriteSourceSize": {
            "x": 0,
            "y": 0,
            "w": 1,
            "h": 1
          },
          "sourceSize": {
            "w": 500,
            "h": 500
          },
          "pivot": {
            "x": 0.5,
            "y": 0.5
          }
        },
        "Z logo_RENDER_ALPHA_REVERSE_v04_00124.png": {
          "filename": "Z logo_RENDER_ALPHA_REVERSE_v04_00124.png",
          "frame": {
            "x": 2043,
            "y": 388,
            "w": 1,
            "h": 1
          },
          "rotated": false,
          "trimmed": true,
          "spriteSourceSize": {
            "x": 0,
            "y": 0,
            "w": 1,
            "h": 1
          },
          "sourceSize": {
            "w": 500,
            "h": 500
          },
          "pivot": {
            "x": 0.5,
            "y": 0.5
          }
        },
        "Z logo_RENDER_ALPHA_REVERSE_v04_00125.png": {
          "filename": "Z logo_RENDER_ALPHA_REVERSE_v04_00125.png",
          "frame": {
            "x": 2041,
            "y": 389,
            "w": 1,
            "h": 1
          },
          "rotated": false,
          "trimmed": true,
          "spriteSourceSize": {
            "x": 0,
            "y": 0,
            "w": 1,
            "h": 1
          },
          "sourceSize": {
            "w": 500,
            "h": 500
          },
          "pivot": {
            "x": 0.5,
            "y": 0.5
          }
        }
      },
      "meta": {
        "format": "RGBA8888",
        "size": {
          "w": 2044,
          "h": 1927
        },
        "scale": "1"
      }
    }
  }
]